Time,AirTemp,SoilMoisture,Rainfall
2023-06-13 16:58:55,64.5,5.5,0.09
2023-06-13 17:00:33,64.5,5.5,0.09
2023-06-13 17:18:47,62.9,5.4,0.12
2023-06-13 22:57:09,62.1,5.7,0.15
2023-06-13 23:17:28,61.2,5.7,0.15
2023-06-13 23:32:32,61.2,5.7,0.15
2023-06-13 23:47:35,60.9,5.7,0.15
2023-06-14 00:02:38,60.9,5.7,0.15
2023-06-14 00:17:42,59.7,5.6,0.15
2023-06-14 00:32:45,59.7,5.6,0.15
2023-06-14 00:47:48,57.5,5.6,0.15
2023-06-14 01:02:51,57.5,5.6,0.15
2023-06-14 01:17:54,59,5.6,0.15
2023-06-14 01:32:57,59,5.6,0.15
2023-06-14 01:48:00,58.7,5.6,0.15
2023-06-14 02:03:03,58.7,5.6,0.15
2023-06-14 02:18:06,58.4,5.6,0.15
2023-06-14 02:33:09,58.4,5.6,0.15
2023-06-14 02:48:12,57.3,5.6,0.15
2023-06-14 03:03:16,57.3,5.6,0.15
2023-06-14 03:18:19,56.9,5.6,0.15
2023-06-14 03:33:22,56.9,5.6,0.15
2023-06-14 03:48:25,56.1,5.6,0.15
2023-06-14 04:03:28,56.1,5.6,0.15
2023-06-14 04:18:31,56.7,5.6,0.15
2023-06-14 04:33:34,56.7,5.6,0.15
2023-06-14 04:48:37,57.7,5.6,0.15
2023-06-14 05:03:40,57.7,5.6,0.15
2023-06-14 05:18:43,57.7,5.6,0.15
2023-06-14 05:33:46,57.7,5.6,0.15
2023-06-14 05:48:49,58.3,5.6,0.15
2023-06-14 06:03:52,58.3,5.6,0.15
2023-06-14 06:18:55,58,5.6,0.15
2023-06-14 06:33:59,58,5.6,0.15
2023-06-14 06:49:02,58.5,5.6,0.15
2023-06-14 07:04:06,58.5,5.6,0.15
2023-06-14 07:19:09,60.4,5.6,0.15
2023-06-14 07:34:12,60.4,5.6,0.15
2023-06-14 07:49:15,62.9,5.6,0.15
2023-06-14 08:04:18,62.9,5.6,0.15
2023-06-14 08:19:22,64.5,5.6,0.15
2023-06-14 08:34:25,64.5,5.6,0.15
2023-06-14 08:49:28,65.5,5.6,0.15
2023-06-14 09:04:31,65.5,5.6,0.15
2023-06-14 09:19:34,66.6,5.6,0.15
2023-06-14 09:34:37,66.6,5.6,0.15
2023-06-14 09:49:40,68,5.6,0.15
2023-06-14 10:04:43,68,5.6,0.15
2023-06-14 10:19:46,69.6,5.6,0.15
2023-06-14 10:34:49,69.6,5.6,0.15
2023-06-14 10:49:52,70.7,5.6,0.14
2023-06-14 11:04:55,70.7,5.6,0.14
2023-06-14 11:19:58,72.1,5.7,0.14
2023-06-14 11:35:02,72.1,5.7,0.14
2023-06-14 11:50:05,73.5,5.7,0.13
2023-06-14 12:05:08,73.5,5.7,0.13
2023-06-14 12:20:11,75.3,5.7,0.13
2023-06-14 12:35:14,75.3,5.7,0.13
2023-06-14 12:50:17,76.7,5.7,0.13
2023-06-14 13:05:20,76.7,5.7,0.13
2023-06-14 13:20:23,78.1,5.7,0.13
2023-06-14 13:35:26,78.1,5.7,0.13
2023-06-14 13:50:29,79.2,5.9,0.12
2023-06-14 14:05:32,79.2,5.9,0.12
2023-06-14 14:20:36,79.7,5.9,0.12
2023-06-14 14:35:39,79.7,5.9,0.12
2023-06-14 14:50:42,80.6,5.9,0.12
2023-06-14 15:05:45,80.6,5.9,0.12
2023-06-14 15:20:48,81.5,6,0.11
2023-06-14 15:35:51,81.5,6,0.11
2023-06-14 15:50:54,81.5,6,0.09
2023-06-14 16:05:57,81.5,6,0.09
2023-06-14 16:21:00,82,6,0.08
2023-06-14 16:36:04,82,6,0.08
2023-06-14 16:51:07,82.3,6,0.06
2023-06-14 17:06:10,82.3,6,0.06
2023-06-14 17:21:13,82.8,6,0.03
2023-06-14 17:36:16,82.8,6,0.03
2023-06-14 17:51:20,82.5,6,0.01
2023-06-14 18:06:25,82.5,6,0.01
2023-06-14 18:21:29,81.5,6,0
2023-06-14 18:36:32,81.5,6,0
2023-06-14 18:51:35,80.7,6,0
2023-06-14 19:06:38,80.7,6,0
2023-06-14 19:21:42,78.9,6,0
2023-06-14 19:36:45,78.9,6,0
2023-06-14 19:51:48,77.2,6,0
2023-06-14 20:06:51,77.2,6,0
2023-06-14 20:21:55,74.7,6,0
2023-06-14 20:36:58,74.7,6,0
2023-06-14 20:52:02,71.6,6,0
2023-06-14 21:07:05,71.6,6,0
2023-06-14 21:22:09,69.1,5.7,0
2023-06-14 21:37:13,69.1,5.7,0
2023-06-14 21:52:16,67.2,5.7,0
2023-06-14 22:07:19,67.2,5.7,0
2023-06-14 22:22:23,65.1,5.7,0
2023-06-14 22:37:27,65.1,5.7,0
2023-06-14 22:52:31,63.2,5.7,0
2023-06-14 23:07:35,63.2,5.7,0
2023-06-14 23:22:38,62.2,5.7,0
2023-06-14 23:37:41,62.2,5.7,0
2023-06-14 23:52:45,61.7,5.6,0
2023-06-15 00:07:48,61.7,5.6,0
2023-06-15 00:22:51,60.7,5.6,0
2023-06-15 00:37:54,60.7,5.6,0
2023-06-15 00:52:58,61.1,5.6,0
2023-06-15 01:08:01,61.1,5.6,0
2023-06-15 01:23:04,60.9,5.6,0
2023-06-15 01:38:08,60.9,5.6,0
2023-06-15 01:53:11,61.1,5.6,0
2023-06-15 02:08:14,61.1,5.6,0
2023-06-15 02:23:17,60.8,5.6,0
2023-06-15 02:38:20,60.8,5.6,0
2023-06-15 02:53:24,60.1,5.6,0
2023-06-15 03:08:27,60.1,5.6,0
2023-06-15 03:23:30,59,5.6,0
2023-06-15 03:38:33,59,5.6,0
2023-06-15 03:53:36,59.1,5.5,0
2023-06-15 04:08:39,59.1,5.5,0
2023-06-15 04:23:43,59.7,5.5,0
2023-06-15 04:38:46,59.7,5.5,0
2023-06-15 04:53:49,60.2,5.4,0
2023-06-15 05:08:52,60.2,5.4,0
2023-06-15 05:23:55,59.6,5.4,0
2023-06-15 05:38:58,59.6,5.4,0
2023-06-15 05:54:01,58.9,5.4,0
2023-06-15 06:09:05,58.9,5.4,0
2023-06-15 06:24:08,59.3,5.4,0
2023-06-15 06:39:11,59.3,5.4,0
2023-06-15 06:54:14,59.1,5.4,0
2023-06-15 07:09:17,59.1,5.4,0
2023-06-15 07:39:33,58.7,5.4,0
2023-06-15 07:54:36,58.7,5.4,0
2023-06-15 08:09:39,58.7,5.4,0
2023-06-15 08:24:42,58.1,5.4,0
2023-06-15 08:39:45,58.1,5.4,0
2023-06-15 08:54:48,57.9,5.4,0
2023-06-15 09:09:51,57.9,5.4,0
2023-06-15 09:24:55,58.5,5.4,0
2023-06-15 09:39:58,58.5,5.4,0
2023-06-15 09:55:01,60.9,5.4,0
2023-06-15 10:10:04,60.9,5.4,0
2023-06-15 10:25:08,63.3,5.4,0
2023-06-15 10:40:11,63.3,5.4,0
2023-06-15 10:55:15,62.1,5.2,0
2023-06-15 11:10:18,62.1,5.2,0
2023-06-15 11:25:21,62.9,5.4,0
2023-06-15 11:40:24,62.9,5.4,0
2023-06-15 11:55:27,65.5,5.4,0
2023-06-15 12:10:30,65.5,5.4,0
2023-06-15 12:25:33,67.8,5.4,0
2023-06-15 12:40:36,67.8,5.4,0
2023-06-15 12:55:39,69.5,5.4,0
2023-06-15 13:10:42,69.5,5.4,0
2023-06-15 13:25:47,70.8,5.5,0
2023-06-15 13:40:50,70.8,5.5,0
2023-06-15 13:55:53,72.2,5.6,0
2023-06-15 14:10:57,72.2,5.6,0
2023-06-15 14:26:01,72.6,5.6,0
2023-06-15 14:41:04,72.6,5.6,0
2023-06-15 14:56:07,72.9,5.7,0
2023-06-15 15:11:10,72.9,5.7,0
2023-06-15 15:26:13,72.2,5.7,0
2023-06-15 15:41:16,72.2,5.7,0
2023-06-15 15:56:19,71.7,5.7,0
2023-06-15 16:11:22,71.7,5.7,0
2023-06-15 16:26:26,71.3,5.7,0
2023-06-15 16:41:29,71.3,5.7,0
2023-06-15 16:56:32,70.9,5.7,0
2023-06-15 17:11:36,70.9,5.7,0
2023-06-15 17:26:39,70.1,5.7,0
2023-06-15 17:41:43,70.1,5.7,0
2023-06-15 17:56:46,67.6,5.4,0
2023-06-15 18:11:50,67.6,5.4,0
2023-06-15 18:26:54,65.9,5.2,0
2023-06-15 18:41:58,65.9,5.2,0
2023-06-15 18:57:01,64.2,5.4,0
2023-06-15 19:12:05,64.2,5.4,0
2023-06-15 19:27:08,62.4,5.2,0
2023-06-15 19:42:11,62.4,5.2,0
2023-06-15 19:57:14,60.7,5.2,0
2023-06-15 20:12:17,60.7,5.2,0
2023-06-15 20:27:20,58.5,5.2,0
2023-06-15 20:42:24,58.5,5.2,0
2023-06-15 20:57:27,56.6,5.2,0
2023-06-15 21:12:30,56.6,5.2,0
2023-06-15 21:27:33,54.6,5.2,0
2023-06-15 21:42:36,54.6,5.2,0
2023-06-15 21:57:40,53.5,5.4,0
2023-06-15 22:12:44,53.5,5.4,0
2023-06-15 22:27:47,52.3,5.4,0
2023-06-15 22:42:50,52.3,5.4,0
2023-06-15 22:57:54,49.7,5.2,0
2023-06-15 23:12:57,49.7,5.2,0
2023-06-15 23:28:00,48.3,5.2,0
2023-06-15 23:43:03,48.3,5.2,0
2023-06-15 23:58:06,48.1,5.2,0
2023-06-16 00:13:09,48.1,5.2,0
2023-06-16 00:28:12,48.4,5.2,0
2023-06-16 00:43:16,48.4,5.2,0
2023-06-16 00:58:19,48.8,5.2,0
2023-06-16 01:13:22,48.8,5.2,0
2023-06-16 01:28:25,48.1,5.2,0
2023-06-16 01:43:28,48.1,5.2,0
2023-06-16 01:58:32,47.4,5.2,0
2023-06-16 02:13:35,47.4,5.2,0
2023-06-16 02:28:39,48.2,5.2,0
2023-06-16 02:43:42,48.2,5.2,0
2023-06-16 02:58:45,49.7,5.2,0
2023-06-16 03:13:48,49.7,5.2,0
2023-06-16 03:28:51,51.1,5.2,0
2023-06-16 03:43:55,51.1,5.2,0
2023-06-16 03:58:58,51.6,5.2,0
2023-06-16 04:14:01,51.6,5.2,0
2023-06-16 04:29:04,51.5,5.2,0
2023-06-16 04:44:07,51.5,5.2,0
2023-06-16 04:59:11,50.6,5.2,0
2023-06-16 05:14:14,50.6,5.2,0
2023-06-16 05:29:17,50.8,5.2,0
2023-06-16 05:44:20,50.8,5.2,0
2023-06-16 05:59:23,51.6,5.1,0
2023-06-16 06:14:26,51.6,5.1,0
2023-06-16 06:29:29,52.7,5,0
2023-06-16 06:44:32,52.7,5,0
2023-06-16 06:59:35,53.2,5.1,0
2023-06-16 07:14:43,53.2,5.1,0
2023-06-16 07:29:47,53.8,5.2,0
2023-06-16 07:44:50,53.8,5.2,0
2023-06-16 07:59:54,54.5,5.1,0
2023-06-16 08:14:57,55.4,5.1,0
2023-06-16 08:30:02,55.4,5.1,0
2023-06-16 08:45:05,56.3,5,0
2023-06-16 09:00:09,56.3,5,0
2023-06-16 09:15:12,57.2,4.9,0
2023-06-16 09:30:15,57.2,4.9,0
2023-06-16 09:45:19,58.7,5,0
2023-06-16 10:00:22,58.7,5,0
2023-06-16 10:15:25,60.4,5,0
2023-06-16 10:30:28,60.4,5,0
2023-06-16 10:45:31,62.9,5,0
2023-06-16 11:00:34,62.9,5,0
2023-06-16 11:15:37,63.6,5.2,0
2023-06-16 11:30:40,63.6,5.2,0
2023-06-16 11:45:43,64.4,5.2,0
2023-06-16 12:00:47,64.4,5.2,0
2023-06-16 12:15:50,65.2,5.2,0
2023-06-16 12:30:54,65.2,5.2,0
2023-06-16 12:45:57,68.7,5.2,0
2023-06-16 13:01:00,68.7,5.2,0
2023-06-16 13:16:03,68.2,5.2,0
2023-06-16 13:31:06,68.2,5.2,0
2023-06-16 13:46:10,70.5,5.4,0
2023-06-16 14:01:13,70.5,5.4,0
2023-06-16 14:16:16,71.3,5.4,0
2023-06-16 14:31:19,71.3,5.4,0
2023-06-16 14:46:22,72.3,5.5,0
2023-06-16 15:01:26,72.3,5.5,0
2023-06-16 15:16:29,72.9,5.5,0
2023-06-16 15:31:32,72.9,5.5,0
2023-06-16 15:46:36,73.8,5.6,0
2023-06-16 16:01:39,73.8,5.6,0
2023-06-16 16:16:42,75,5.6,0
2023-06-16 16:31:47,75,5.6,0
2023-06-16 16:46:52,75.2,5.6,0
2023-06-16 17:01:56,75.2,5.6,0
2023-06-16 17:16:59,75.7,5.6,0
2023-06-16 17:32:02,75.7,5.6,0
2023-06-16 17:47:06,75.5,5.7,0
2023-06-16 18:02:10,75.5,5.7,0
2023-06-16 18:17:15,75.1,5.7,0
2023-06-16 18:32:18,75.1,5.7,0
2023-06-16 18:47:22,75,5.6,0
2023-06-16 19:02:25,75,5.6,0
2023-06-16 19:17:28,74.3,5.6,0
2023-06-16 19:32:31,74.3,5.6,0
2023-06-16 19:47:35,73.3,5.7,0
2023-06-16 20:02:38,73.3,5.7,0
2023-06-16 20:17:41,71.5,5.7,0
2023-06-16 20:32:44,71.5,5.7,0
2023-06-16 20:47:48,68.2,5.7,0
2023-06-16 21:02:51,68.2,5.7,0
2023-06-16 21:17:54,65.3,5.6,0
2023-06-16 21:32:58,65.3,5.6,0
2023-06-16 21:48:02,61.9,5.5,0
2023-06-16 22:03:05,61.9,5.5,0
2023-06-16 22:18:08,58.5,5.4,0
2023-06-16 22:33:13,58.5,5.4,0
2023-06-16 22:48:17,56,5.4,0
2023-06-16 23:03:20,56,5.4,0
2023-06-16 23:18:23,56.3,5.4,0
2023-06-16 23:33:28,56.3,5.4,0
2023-06-16 23:48:32,54.6,5.4,0
2023-06-17 00:03:36,54.6,5.4,0
2023-06-17 00:18:39,53.8,5.4,0
2023-06-17 00:33:41,53.8,5.4,0
2023-06-17 00:48:44,51.9,5.4,0
2023-06-17 01:03:48,51.9,5.4,0
2023-06-17 01:18:51,50,5.2,0
2023-06-17 01:33:54,50,5.2,0
2023-06-17 01:48:57,49.7,5.2,0
2023-06-17 02:04:00,49.7,5.2,0
2023-06-17 02:19:04,49.1,5.2,0
2023-06-17 02:34:07,49.1,5.2,0
2023-06-17 02:49:10,48.9,5.2,0
2023-06-17 03:04:13,48.9,5.2,0
2023-06-17 03:19:16,48.9,5.2,0
2023-06-17 03:34:20,48.9,5.2,0
2023-06-17 03:49:23,47.9,5.2,0
2023-06-17 04:04:26,47.9,5.2,0
2023-06-17 04:19:29,48.2,5.2,0
2023-06-17 04:34:32,48.2,5.2,0
2023-06-17 04:49:35,47.8,5.2,0
2023-06-17 05:04:38,47.8,5.2,0
2023-06-17 05:19:41,49.3,5.2,0
2023-06-17 05:34:45,49.3,5.2,0
2023-06-17 05:49:49,49.3,5.2,0
2023-06-17 06:04:52,49.3,5.2,0
2023-06-17 06:19:55,47.5,5.2,0
2023-06-17 06:34:58,47.5,5.2,0
2023-06-17 06:50:02,49.6,5.2,0
2023-06-17 07:05:05,49.6,5.2,0
2023-06-17 07:20:08,53.7,5.2,0
2023-06-17 07:35:11,53.7,5.2,0
2023-06-17 07:50:14,58.7,5.2,0
2023-06-17 08:05:17,58.7,5.2,0
2023-06-17 08:20:21,62.2,5.2,0
2023-06-17 08:35:24,62.2,5.2,0
2023-06-17 08:50:27,65.3,5.2,0
2023-06-17 09:05:31,65.3,5.2,0
2023-06-17 09:20:34,68.2,5.2,0
2023-06-17 09:35:37,68.2,5.2,0
2023-06-17 09:50:40,69.6,5.2,0
2023-06-17 10:05:43,69.6,5.2,0
2023-06-17 10:20:46,71,5.2,0
2023-06-17 10:35:49,71,5.2,0
2023-06-17 10:50:52,72.4,5.2,0
2023-06-17 11:05:55,72.4,5.2,0
2023-06-17 11:20:58,74,5.4,0
2023-06-17 11:36:02,74,5.4,0
2023-06-17 11:51:05,75.1,5.4,0
2023-06-17 12:06:08,75.1,5.4,0
2023-06-17 12:21:11,76.1,5.4,0
2023-06-17 12:36:17,76.1,5.4,0
2023-06-17 12:51:21,77.5,5.4,0
2023-06-17 13:06:24,77.5,5.4,0
2023-06-17 13:21:27,78.2,5.4,0
2023-06-17 13:36:29,78.2,5.4,0
2023-06-17 13:51:32,79.3,5.4,0
2023-06-17 14:06:35,79.3,5.4,0
2023-06-17 14:21:39,80.3,5.6,0
2023-06-17 14:36:41,80.3,5.6,0
2023-06-17 14:51:44,80.7,5.6,0
2023-06-17 15:06:47,80.7,5.6,0
2023-06-17 15:21:50,81.8,5.6,0
2023-06-17 15:36:53,81.8,5.6,0
2023-06-17 15:51:56,82,5.7,0
2023-06-17 16:06:59,82,5.7,0
2023-06-17 16:22:02,82.3,5.7,0
2023-06-17 16:37:05,82.3,5.7,0
2023-06-17 16:52:08,82.2,5.7,0
2023-06-17 17:07:10,82.2,5.7,0
2023-06-17 17:22:13,81.8,5.7,0
2023-06-17 17:37:16,81.8,5.7,0
2023-06-17 17:52:19,81.6,5.7,0
2023-06-17 18:07:22,81.6,5.7,0
2023-06-17 18:22:26,81.1,5.7,0
2023-06-17 18:37:29,81.1,5.7,0
2023-06-17 18:52:32,80.8,5.7,0
2023-06-17 19:23:02,79.9,5.6,0
2023-06-17 19:38:05,79.9,5.6,0
2023-06-17 19:53:08,78.6,5.6,0
2023-06-17 20:08:11,78.6,5.6,0
2023-06-17 20:23:14,76.4,5.6,0
2023-06-17 20:38:17,76.4,5.6,0
2023-06-17 20:53:20,71.9,5.6,0
2023-06-17 21:08:23,71.9,5.6,0
2023-06-17 21:23:26,66.8,5.5,0
2023-06-17 21:38:29,66.8,5.5,0
2023-06-17 21:53:32,63.9,5.5,0
2023-06-17 22:08:35,63.9,5.5,0
2023-06-17 22:23:37,62.6,5.5,0
2023-06-17 22:38:41,62.6,5.5,0
2023-06-17 22:53:45,62.9,5.4,0
2023-06-17 23:08:48,62.9,5.4,0
2023-06-17 23:23:52,63.9,5.4,0
2023-06-17 23:38:55,63.9,5.4,0
2023-06-17 23:53:59,62.5,5.4,0
2023-06-18 00:09:03,62.5,5.4,0
2023-06-18 00:24:06,61.3,5.4,0
2023-06-18 00:39:09,61.3,5.4,0
2023-06-18 00:54:12,60.4,5.2,0
2023-06-18 01:09:15,60.4,5.2,0
2023-06-18 01:24:19,58.7,5.2,0
2023-06-18 01:39:22,58.7,5.2,0
2023-06-18 01:54:25,57,5.2,0
2023-06-18 02:09:28,57,5.2,0
2023-06-18 02:24:32,56.3,5.2,0
2023-06-18 02:39:35,56.3,5.2,0
2023-06-18 02:54:38,54.1,5.2,0
2023-06-18 03:09:42,54.1,5.2,0
2023-06-18 03:24:45,52.9,5.2,0
2023-06-18 03:39:48,52.9,5.2,0
2023-06-18 03:54:52,52.8,5.2,0
2023-06-18 04:09:55,52.8,5.2,0
2023-06-18 04:24:58,53.3,5,0
2023-06-18 04:40:02,53.3,5,0
2023-06-18 04:55:05,52.1,5,0
2023-06-18 05:10:08,52.1,5,0
2023-06-18 05:25:12,52.2,5,0
2023-06-18 05:40:15,52.2,5,0
2023-06-18 05:55:19,54.2,5,0
2023-06-18 06:10:22,54.2,5,0
2023-06-18 06:25:25,55.3,5,0
2023-06-18 06:40:29,55.3,5,0
2023-06-18 06:55:32,56,5,0
2023-06-18 07:10:36,56,5,0
2023-06-18 07:25:39,58.6,5,0
2023-06-18 07:40:43,58.6,5,0
2023-06-18 07:55:47,61.7,5,0
2023-06-18 08:10:50,61.7,5,0
2023-06-18 08:25:53,65.2,5,0
2023-06-18 08:56:10,68.5,5,0
2023-06-18 09:11:13,68.5,5,0
2023-06-18 09:26:17,70.5,5,0
2023-06-18 09:41:20,70.5,5,0
2023-06-18 09:56:25,71.5,5,0
2023-06-18 10:11:28,71.5,5,0
2023-06-18 10:26:31,73.5,5,0
2023-06-18 10:41:34,73.5,5,0
2023-06-18 10:56:38,75.9,5.1,0
2023-06-18 11:11:41,75.9,5.1,0
2023-06-18 11:26:45,77.1,5.1,0
2023-06-18 11:41:48,77.1,5.1,0
2023-06-18 11:56:52,79.7,5,0
2023-06-18 12:11:56,79.7,5,0
2023-06-18 12:27:00,80.4,5.1,0
2023-06-18 12:42:03,80.4,5.1,0
2023-06-18 12:57:07,80.1,5.2,0
2023-06-18 13:12:10,80.1,5.2,0
2023-06-18 13:27:13,82.3,5.2,0
2023-06-18 13:42:15,82.3,5.2,0
2023-06-18 13:57:18,83.6,5.2,0
2023-06-18 14:12:21,83.6,5.2,0
2023-06-18 14:27:24,85.3,5.4,0
2023-06-18 14:42:27,85.3,5.4,0
2023-06-18 14:57:30,86.7,5.4,0
2023-06-18 15:12:33,86.7,5.4,0
2023-06-18 15:27:36,85.6,5.4,0
2023-06-18 15:42:40,84.6,5.4,0
2023-06-18 15:57:44,84.6,5.4,0
2023-06-18 16:12:47,83.9,5.4,0
2023-06-18 16:27:51,83.9,5.4,0
2023-06-18 16:42:55,84.2,5.6,0
2023-06-18 16:58:00,84.2,5.6,0
2023-06-18 17:13:04,83,5.6,0
2023-06-18 17:28:08,83,5.6,0
2023-06-18 17:43:13,83,5.6,0
2023-06-18 17:58:17,83,5.6,0
2023-06-18 18:13:21,82.5,5.6,0
2023-06-18 18:28:27,82.5,5.6,0
2023-06-18 18:43:31,81.2,5.6,0
2023-06-18 18:58:35,81.2,5.6,0
2023-06-18 19:13:39,79.9,5.6,0
2023-06-18 19:28:43,79.9,5.6,0
2023-06-18 19:43:47,78.1,5.5,0
2023-06-18 19:58:50,78.1,5.5,0
2023-06-18 20:13:54,76.6,5.4,0
2023-06-18 20:28:57,76.6,5.4,0
2023-06-18 20:44:01,74.2,5.4,0
2023-06-18 20:59:04,74.2,5.4,0
2023-06-18 21:14:08,72.9,5.4,0
2023-06-18 21:29:11,72.9,5.4,0
2023-06-18 21:44:15,70.7,5.5,0
2023-06-18 21:59:18,70.7,5.5,0
2023-06-18 22:14:22,68.8,5.4,0
2023-06-18 22:29:26,68.8,5.4,0
2023-06-18 22:44:30,69.5,5.4,0
2023-06-18 22:59:33,69.5,5.4,0
2023-06-18 23:14:37,68.4,5.4,0
2023-06-18 23:29:42,68.4,5.4,0
2023-06-18 23:44:47,68.6,5.4,0
2023-06-18 23:59:53,68.6,5.4,0
2023-06-19 00:14:58,66.7,5.2,0
2023-06-19 00:30:02,66.7,5.2,0
2023-06-19 00:45:07,64.4,5.2,0
2023-06-19 01:00:12,64.4,5.2,0
2023-06-19 01:15:16,62.2,5.2,0
2023-06-19 01:30:22,62.2,5.2,0
2023-06-19 01:45:27,61.9,5.2,0
2023-06-19 02:00:32,61.9,5.2,0
2023-06-19 02:15:36,63.9,5.2,0
2023-06-19 02:30:41,63.9,5.2,0
2023-06-19 02:45:46,63.8,5.2,0
2023-06-19 03:00:51,63.8,5.2,0
2023-06-19 03:15:55,62.3,5,0
2023-06-19 03:31:01,62.3,5,0
2023-06-19 03:46:06,60.9,5,0
2023-06-19 04:01:10,59.7,5,0
2023-06-19 04:16:15,59.7,5,0
2023-06-19 04:31:20,59,5,0
2023-06-19 04:46:24,59,5,0
2023-06-19 05:01:29,58.7,5,0
2023-06-19 05:16:33,58.7,5,0
2023-06-19 05:31:37,57.8,5,0
2023-06-19 05:46:41,57.8,5,0
2023-06-19 06:01:45,58.1,5,0
2023-06-19 06:16:49,58.1,5,0
2023-06-19 06:31:53,59.5,5,0
2023-06-19 06:46:58,59.5,5,0
2023-06-19 07:02:02,63,5,0
2023-06-19 07:17:07,63,5,0
2023-06-19 07:32:11,63,5,0
2023-06-19 07:47:15,65,5,0
2023-06-19 08:02:20,65,5,0
2023-06-19 08:17:24,67.3,5,0
2023-06-19 08:32:28,67.3,5,0
2023-06-19 08:47:32,69.8,5,0
2023-06-19 09:02:36,69.8,5,0
2023-06-19 09:17:40,72.5,5,0
2023-06-19 09:32:44,72.5,5,0
2023-06-19 09:47:48,75.9,5,0
2023-06-19 10:02:51,75.9,5,0
2023-06-19 10:17:55,79.3,5,0
2023-06-19 10:32:58,79.3,5,0
2023-06-19 10:48:02,81.4,5,0
2023-06-19 11:03:06,81.4,5,0
2023-06-19 11:18:09,83.6,5,0
2023-06-19 11:33:13,83.6,5,0
2023-06-19 11:48:16,84.9,5.2,0
2023-06-19 12:03:20,84.9,5.2,0
2023-06-19 12:18:23,85.6,5.2,0
2023-06-19 12:33:26,85.6,5.2,0
2023-06-19 12:48:30,86.8,5.2,0
2023-06-19 13:03:33,86.8,5.2,0
2023-06-19 13:18:36,87.2,5.2,0
2023-06-19 13:33:39,87.2,5.2,0
2023-06-19 13:48:43,87.2,5.4,0
2023-06-19 14:03:46,87.2,5.4,0
2023-06-19 14:18:50,88.1,5.4,0
2023-06-19 14:33:54,88.1,5.4,0
2023-06-19 14:48:57,88.3,5.5,0
2023-06-19 15:04:01,88.3,5.5,0
2023-06-19 15:19:04,88.1,5.6,0
2023-06-19 15:34:07,88.1,5.6,0
2023-06-19 15:49:11,88.9,5.7,0
2023-06-19 16:04:14,88.9,5.7,0
2023-06-19 16:19:17,88.6,5.7,0
2023-06-19 16:34:21,88.6,5.7,0
2023-06-19 16:49:24,88.9,5.7,0
2023-06-19 17:04:28,88.9,5.7,0
2023-06-19 17:19:31,88.4,5.9,0
2023-06-19 17:34:34,88.4,5.9,0
2023-06-19 17:49:38,87.9,5.9,0
2023-06-19 18:04:42,87.9,5.9,0
2023-06-19 18:19:46,87.1,5.7,0
2023-06-19 18:34:49,87.1,5.7,0
2023-06-19 18:49:52,86.6,5.9,0
2023-06-19 19:04:55,86.6,5.9,0
2023-06-19 19:19:58,85,5.9,0
2023-06-19 19:35:01,85,5.9,0
2023-06-19 19:50:05,82.7,5.7,0
2023-06-19 20:05:12,82.7,5.7,0
2023-06-19 20:20:16,80.3,5.7,0
2023-06-19 20:35:20,80.3,5.7,0
2023-06-19 20:50:24,77.2,5.7,0
2023-06-19 21:05:28,77.2,5.7,0
2023-06-19 21:20:32,72.5,5.7,0
2023-06-19 21:35:35,72.5,5.7,0
2023-06-19 21:50:38,70.3,5.6,0
2023-06-19 22:05:42,70.3,5.6,0
2023-06-19 22:20:46,69,5.6,0
2023-06-19 22:35:50,69,5.6,0
2023-06-19 22:50:53,68.6,5.6,0
2023-06-19 23:05:57,68.6,5.6,0
2023-06-19 23:21:01,67.3,5.4,0
2023-06-19 23:36:05,67.3,5.4,0
2023-06-19 23:51:08,66,5.4,0
2023-06-20 00:06:11,66,5.4,0
2023-06-20 00:21:14,64.4,5.5,0
2023-06-20 00:36:17,64.4,5.5,0
2023-06-20 00:51:20,65,5.4,0
2023-06-20 01:06:23,65,5.4,0
2023-06-20 01:21:26,64.4,5.4,0
2023-06-20 01:36:29,64.4,5.4,0
2023-06-20 01:51:33,63.6,5.4,0
2023-06-20 02:06:36,63.6,5.4,0
2023-06-20 02:21:39,61.4,5.4,0
2023-06-20 02:36:42,61.4,5.4,0
2023-06-20 02:51:45,59,5.2,0
2023-06-20 03:06:48,59,5.2,0
2023-06-20 03:21:51,59,5.2,0
2023-06-20 03:36:55,59,5.2,0
2023-06-20 03:51:58,56.7,5.2,0
2023-06-20 04:07:01,56.7,5.2,0
2023-06-20 04:22:04,55.1,5.2,0
2023-06-20 04:37:07,55.1,5.2,0
2023-06-20 04:52:10,56.7,5.2,0
2023-06-20 05:07:14,56.7,5.2,0
2023-06-20 05:22:17,57.2,5.2,0
2023-06-20 05:37:20,57.2,5.2,0
2023-06-20 05:52:23,57.9,5,0
2023-06-20 06:07:26,57.9,5,0
2023-06-20 06:22:30,59.1,5,0
2023-06-20 06:37:33,59.1,5,0
2023-06-20 06:52:37,61.6,5,0
2023-06-20 07:07:40,61.6,5,0
2023-06-20 07:22:43,65.2,5,0
2023-06-20 07:37:46,65.2,5,0
2023-06-20 07:52:49,68,5,0
2023-06-20 08:07:52,68,5,0
2023-06-20 08:22:55,69,5,0
2023-06-20 08:37:58,69,5,0
2023-06-20 08:53:02,71.2,5,0
2023-06-20 09:08:05,71.2,5,0
2023-06-20 09:23:09,73.5,5,0
2023-06-20 09:38:11,73.5,5,0
2023-06-20 09:53:14,76.2,5.1,0
2023-06-20 10:08:17,76.2,5.1,0
2023-06-20 10:23:19,78.4,5,0
2023-06-20 10:38:22,78.4,5,0
2023-06-20 10:53:25,80.7,5,0
2023-06-20 11:08:28,80.7,5,0
2023-06-20 11:23:30,82.6,5,0
2023-06-20 11:38:33,82.6,5,0
2023-06-20 11:53:36,83.1,4.7,0
2023-06-20 12:08:40,83.1,4.7,0
2023-06-20 12:23:43,83.8,4.7,0
2023-06-20 12:38:46,83.8,4.7,0
2023-06-20 12:53:49,84.8,4.8,0
2023-06-20 13:08:51,84.8,4.8,0
2023-06-20 13:23:55,85.8,4.9,0
2023-06-20 13:38:58,85.8,4.9,0
2023-06-20 13:54:04,86.2,5.1,0
2023-06-20 14:09:10,86.2,5.1,0
2023-06-20 14:24:13,86.2,5.2,0
2023-06-20 14:39:21,86.2,5.2,0
2023-06-20 14:54:27,86.6,5.1,0
2023-06-20 15:09:33,86.6,5.1,0
2023-06-20 15:24:41,86.6,5.2,0
2023-06-20 15:39:47,86.6,5.2,0
2023-06-20 15:54:55,86.8,5.4,0
2023-06-20 16:10:04,86.8,5.4,0
2023-06-20 16:25:09,87,5.4,0
2023-06-20 16:40:20,87,5.4,0
2023-06-20 16:55:25,87,5.4,0
2023-06-20 17:10:37,87,5.4,0
2023-06-20 17:25:42,86.8,5.4,0
2023-06-20 17:40:46,86.8,5.4,0
2023-06-20 17:55:57,86.3,5.4,0
2023-06-20 18:11:05,86.3,5.4,0
2023-06-20 18:26:10,85.5,5.4,0
2023-06-20 18:41:16,85.5,5.4,0
2023-06-20 18:56:22,84.6,5.4,0
2023-06-20 19:11:31,84.6,5.4,0
2023-06-20 19:26:39,83.1,5.4,0
2023-06-20 19:41:45,83.1,5.4,0
2023-06-20 19:56:50,81.9,5.4,0
2023-06-20 20:11:54,81.9,5.4,0
2023-06-20 20:26:59,79.5,5.4,0
2023-06-20 20:42:04,79.5,5.4,0
2023-06-20 20:57:07,76.4,5.4,0
2023-06-20 21:12:12,76.4,5.4,0
2023-06-20 21:27:16,71.4,5.4,0
2023-06-20 21:42:20,71.4,5.4,0
2023-06-20 21:57:24,68.1,5.4,0
2023-06-20 22:12:29,68.1,5.4,0
2023-06-20 22:27:33,68.9,5.4,0
2023-06-20 22:42:40,68.9,5.4,0
2023-06-20 22:57:45,67.6,5.2,0
2023-06-20 23:12:49,67.6,5.2,0
2023-06-20 23:27:56,65.9,5.2,0
2023-06-20 23:42:59,65.9,5.2,0
2023-06-20 23:58:03,64.4,5.2,0
2023-06-21 00:13:08,64.4,5.2,0
2023-06-21 00:28:15,62.7,5.2,0
2023-06-21 00:43:19,62.7,5.2,0
2023-06-21 00:58:22,63.6,5.2,0
2023-06-21 01:13:26,63.6,5.2,0
2023-06-21 01:28:32,62.8,5.1,0
2023-06-21 01:43:37,62.8,5.1,0
2023-06-21 01:58:40,61.3,5.1,0
2023-06-21 02:13:46,61.3,5.1,0
2023-06-21 02:28:51,59,5.1,0
2023-06-21 02:43:54,59,5.1,0
2023-06-21 02:58:58,58.1,5.1,0
2023-06-21 03:14:05,58.1,5.1,0
2023-06-21 03:29:09,58,5,0
2023-06-21 03:44:12,58,5,0
2023-06-21 03:59:16,56.5,5,0
2023-06-21 04:14:20,56.5,5,0
2023-06-21 04:29:23,55.8,4.9,0
2023-06-21 04:44:27,55.8,4.9,0
2023-06-21 04:59:30,55,4.9,0
2023-06-21 05:14:36,55,4.9,0
2023-06-21 05:29:43,54.2,4.9,0
2023-06-21 05:44:46,54.2,4.9,0
2023-06-21 05:59:50,54.1,4.9,0
2023-06-21 06:14:53,55.6,4.9,0
2023-06-21 06:29:59,55.6,4.9,0
2023-06-21 06:45:04,60.9,4.9,0
2023-06-21 07:00:09,60.9,4.9,0
2023-06-21 07:15:15,64.6,4.9,0
2023-06-21 07:30:19,64.6,4.9,0
2023-06-21 07:45:24,67.3,4.9,0
2023-06-21 08:00:31,67.3,4.9,0
2023-06-21 08:15:34,70.4,4.9,0
2023-06-21 08:30:39,70.4,4.9,0
2023-06-21 08:45:43,73.6,4.9,0
2023-06-21 09:00:48,73.6,4.9,0
2023-06-21 09:15:52,77.1,4.9,0
2023-06-21 09:30:56,77.1,4.9,0
2023-06-21 09:45:59,79.6,4.9,0
2023-06-21 10:01:03,79.6,4.9,0
2023-06-21 10:16:08,81.3,4.9,0
2023-06-21 10:31:12,81.3,4.9,0
2023-06-21 10:46:19,82.8,4.9,0
2023-06-21 11:01:22,82.8,4.9,0
2023-06-21 11:16:28,84.3,4.9,0
2023-06-21 11:31:32,84.3,4.9,0
2023-06-21 11:46:36,85.5,5,0
2023-06-21 12:01:39,85.5,5,0
2023-06-21 12:16:43,86.8,5,0
2023-06-21 12:31:49,86.8,5,0
2023-06-21 12:46:55,87.6,5,0
2023-06-21 13:02:00,87.6,5,0
2023-06-21 13:17:04,87.9,5.2,0
2023-06-21 13:32:07,87.9,5.2,0
2023-06-21 13:47:11,87.5,5.2,0
2023-06-21 14:02:15,87.5,5.2,0
2023-06-21 14:17:19,88.3,5.4,0
2023-06-21 14:32:24,88.3,5.4,0
2023-06-21 14:47:29,88.7,5.4,0
2023-06-21 15:02:33,88.7,5.4,0
2023-06-21 15:17:40,88.8,5.4,0
2023-06-21 15:32:46,88.8,5.4,0
2023-06-21 15:47:49,89.8,5.4,0
2023-06-21 16:02:53,89.8,5.4,0
2023-06-21 16:17:56,88.7,5.5,0
2023-06-21 16:33:00,88.7,5.5,0
2023-06-21 16:48:04,90,5.6,0
2023-06-21 17:03:08,90,5.6,0
2023-06-21 17:18:11,89.6,5.5,0
2023-06-21 17:33:18,89.6,5.5,0
2023-06-21 17:48:22,89.4,5.5,0
2023-06-21 18:03:26,89.4,5.5,0
2023-06-21 18:18:30,88,5.5,0
2023-06-21 18:33:34,88,5.5,0
2023-06-21 18:48:38,87.3,5.6,0
2023-06-21 19:03:43,87.3,5.6,0
2023-06-21 19:18:47,86.1,5.5,0
2023-06-21 19:33:51,86.1,5.5,0
2023-06-21 19:48:55,84.3,5.4,0
2023-06-21 20:03:59,84.3,5.4,0
2023-06-21 20:19:02,82,5.4,0
2023-06-21 20:34:07,82,5.4,0
2023-06-21 20:49:11,78.8,5.4,0
2023-06-21 21:04:14,78.8,5.4,0
2023-06-21 21:19:20,74.9,5.4,0
2023-06-21 21:34:24,74.9,5.4,0
2023-06-21 21:49:27,72,5.4,0
2023-06-21 22:04:31,72,5.4,0
2023-06-21 22:19:35,70.7,5.4,0
2023-06-21 22:34:38,70.7,5.4,0
2023-06-21 22:49:43,70.3,5.2,0
2023-06-21 23:04:47,70.3,5.2,0
2023-06-21 23:19:55,68.6,5.2,0
2023-06-21 23:34:59,68.6,5.2,0
2023-06-21 23:50:04,67.7,5.2,0
2023-06-22 00:05:10,67.7,5.2,0
2023-06-22 00:20:14,67.2,5.2,0
2023-06-22 00:35:18,67.2,5.2,0
2023-06-22 00:50:24,67.1,5.2,0
2023-06-22 01:05:28,67.1,5.2,0
2023-06-22 01:20:34,67.1,5,0
2023-06-22 01:35:40,67.1,5,0
2023-06-22 01:50:43,66.2,5,0
2023-06-22 02:05:47,66.2,5,0
2023-06-22 02:20:54,61.7,5.1,0
2023-06-22 02:36:00,61.7,5.1,0
2023-06-22 02:51:04,60.4,5,0
2023-06-22 03:06:07,60.4,5,0
2023-06-22 03:21:11,60.9,5,0
2023-06-22 03:36:15,60.9,5,0
2023-06-22 03:51:18,59.4,4.9,0
2023-06-22 04:06:24,59.4,4.9,0
2023-06-22 04:21:27,58.5,5,0
2023-06-22 04:36:31,58.5,5,0
2023-06-22 04:51:38,60.4,5,0
2023-06-22 05:06:42,60.4,5,0
2023-06-22 05:21:49,60.2,4.9,0
2023-06-22 05:36:52,60.2,4.9,0
2023-06-22 05:51:56,60.3,4.9,0
2023-06-22 06:06:59,60.3,4.9,0
2023-06-22 06:22:06,60.9,4.9,0
2023-06-22 06:37:10,60.9,4.9,0
2023-06-22 06:52:13,61.1,4.9,0
2023-06-22 07:07:17,61.1,4.9,0
2023-06-22 07:22:24,64.7,4.8,0
2023-06-22 07:37:28,64.7,4.8,0
2023-06-22 07:52:31,66.7,4.8,0
2023-06-22 08:07:36,66.7,4.8,0
2023-06-22 08:22:40,70.8,4.8,0
2023-06-22 08:37:43,70.8,4.8,0
2023-06-22 08:52:47,74.4,4.8,0
2023-06-22 09:07:50,74.4,4.8,0
2023-06-22 09:22:57,76.6,4.8,0
2023-06-22 09:38:01,76.6,4.8,0
2023-06-22 09:53:05,78.6,4.9,0
2023-06-22 10:08:08,78.6,4.9,0
2023-06-22 10:23:11,80.8,4.9,0
2023-06-22 10:38:17,80.8,4.9,0
2023-06-22 10:53:25,82.3,4.9,0
2023-06-22 11:08:32,82.3,4.9,0
2023-06-22 11:23:38,83.8,4.9,0
2023-06-22 11:38:45,83.8,4.9,0
2023-06-22 11:53:51,85.6,4.9,0
2023-06-22 12:08:58,85.6,4.9,0
2023-06-22 12:24:05,86.4,5,0
2023-06-22 12:39:09,86.4,5,0
2023-06-22 12:54:12,87.5,5,0
2023-06-22 13:09:16,87.5,5,0
2023-06-22 13:24:23,87.9,5.1,0
2023-06-22 13:39:26,87.9,5.1,0
2023-06-22 13:54:29,88.2,5.1,0
2023-06-22 14:09:34,88.2,5.1,0
2023-06-22 14:24:40,88.8,5.2,0
2023-06-22 14:39:44,88.8,5.2,0
2023-06-22 14:54:51,88.8,5.4,0
2023-06-22 15:09:55,88.8,5.4,0
2023-06-22 15:24:59,89.4,5.4,0
2023-06-22 15:40:04,89.4,5.4,0
2023-06-22 15:55:10,89.4,5.4,0
2023-06-22 16:10:14,89.4,5.4,0
2023-06-22 16:25:17,89.2,5.6,0
2023-06-22 16:40:20,89.2,5.6,0
2023-06-22 16:55:26,89.6,5.6,0
2023-06-22 17:10:29,89.6,5.6,0
2023-06-22 17:25:38,88.5,5.6,0
2023-06-22 17:40:41,88.5,5.6,0
2023-06-22 17:55:45,88.1,5.7,0
2023-06-22 18:10:49,88.1,5.7,0
2023-06-22 18:25:53,86.4,5.5,0
2023-06-22 18:40:58,86.4,5.5,0
2023-06-22 18:56:02,85.3,5.6,0
2023-06-22 19:11:05,85.3,5.6,0
2023-06-22 19:26:08,85,5.6,0
2023-06-22 19:41:11,85,5.6,0
2023-06-22 19:56:14,83.3,5.6,0
2023-06-22 20:11:17,83.3,5.6,0
2023-06-22 20:26:22,81.1,5.6,0
2023-06-22 20:41:25,81.1,5.6,0
2023-06-22 20:56:28,77.1,5.5,0
2023-06-22 21:11:31,77.1,5.5,0
2023-06-22 21:26:36,71.9,5.5,0
2023-06-22 21:41:39,71.9,5.5,0
2023-06-22 21:56:42,69,5.4,0
2023-06-22 22:11:45,69,5.4,0
2023-06-22 22:26:48,66.5,5.4,0
2023-06-22 22:41:51,66.5,5.4,0
2023-06-22 22:56:54,62.8,5.4,0
2023-06-22 23:11:57,62.8,5.4,0
2023-06-22 23:27:00,60.6,5.4,0
2023-06-22 23:42:04,60.6,5.4,0
2023-06-22 23:57:06,60.3,5.2,0
2023-06-23 00:12:09,60.3,5.2,0
2023-06-23 00:27:12,58.4,5.2,0
2023-06-23 00:42:15,58.4,5.2,0
2023-06-23 00:57:19,57.8,5.2,0
2023-06-23 01:12:22,57.8,5.2,0
2023-06-23 01:27:24,56.7,5.2,0
2023-06-23 01:42:27,56.7,5.2,0
2023-06-23 01:57:30,55.7,5,0
2023-06-23 02:12:33,55.7,5,0
2023-06-23 02:27:36,56.2,5,0
2023-06-23 02:42:39,56.2,5,0
2023-06-23 02:57:42,56.3,5.1,0
2023-06-23 03:12:46,56.3,5.1,0
2023-06-23 03:27:49,56.1,5,0
2023-06-23 03:42:52,56.1,5,0
2023-06-23 03:57:55,55.1,5,0
2023-06-23 04:12:58,55.1,5,0
2023-06-23 04:28:01,54.2,5,0
2023-06-23 04:43:04,54.2,5,0
2023-06-23 04:58:07,54.6,4.9,0
2023-06-23 05:13:10,54.6,4.9,0
2023-06-23 05:28:13,53.2,5,0
2023-06-23 05:43:16,53.2,5,0
2023-06-23 05:58:19,53.2,4.9,0
2023-06-23 06:13:22,53.2,4.9,0
2023-06-23 06:28:25,55.2,4.9,0
2023-06-23 06:43:28,55.2,4.9,0
2023-06-23 06:58:30,59,4.9,0
2023-06-23 07:13:33,59,4.9,0
2023-06-23 07:28:36,63.4,4.8,0
2023-06-23 07:43:40,63.4,4.8,0
2023-06-23 07:58:43,69.1,4.8,0
2023-06-23 08:13:46,69.1,4.8,0
2023-06-23 08:28:48,72.3,4.9,0
2023-06-23 08:43:51,72.3,4.9,0
2023-06-23 08:58:54,74.8,4.8,0
2023-06-23 09:13:57,74.8,4.8,0
2023-06-23 09:29:00,76.9,4.8,0
2023-06-23 09:44:03,76.9,4.8,0
2023-06-23 09:59:06,79.2,4.8,0
2023-06-23 10:14:09,79.2,4.8,0
2023-06-23 10:29:12,80.9,4.8,0
2023-06-23 10:44:15,80.9,4.8,0
2023-06-23 10:59:18,82.3,4.9,0
2023-06-23 11:14:21,82.3,4.9,0
2023-06-23 11:29:24,84,4.9,0
2023-06-23 11:44:27,84,4.9,0
2023-06-23 11:59:30,85.1,4.9,0
2023-06-23 12:14:36,85.1,4.9,0
2023-06-23 12:29:39,86.3,5,0
2023-06-23 12:44:42,86.3,5,0
2023-06-23 12:59:45,87.3,5,0
2023-06-23 13:14:48,87.3,5,0
2023-06-23 13:29:51,88,5.2,0
2023-06-23 13:44:54,88,5.2,0
2023-06-23 13:59:57,88.8,5.2,0
2023-06-23 14:15:00,88.8,5.2,0
2023-06-23 14:30:03,90.3,5.2,0
2023-06-23 14:45:05,90.3,5.2,0
2023-06-23 15:00:08,90.2,5.2,0
2023-06-23 15:15:11,90.2,5.2,0
2023-06-23 15:30:14,90.7,5.2,0
2023-06-23 15:45:17,90.7,5.2,0
2023-06-23 16:00:20,90.2,5.4,0
2023-06-23 16:15:22,90.2,5.4,0
2023-06-23 16:30:25,90.6,5.4,0
2023-06-23 16:45:28,90.6,5.4,0
2023-06-23 17:00:31,91,5.4,0
2023-06-23 17:15:34,91,5.4,0
2023-06-23 17:30:37,90.5,5.5,0
2023-06-23 17:45:40,90.5,5.5,0
2023-06-23 18:00:45,90.5,5.6,0
2023-06-23 18:15:52,90.5,5.6,0
2023-06-23 18:30:55,90.4,5.6,0
2023-06-23 18:46:01,88.9,5.6,0
2023-06-23 19:01:05,88.9,5.6,0
2023-06-23 19:16:08,88.1,5.6,0
2023-06-23 19:31:11,88.1,5.6,0
2023-06-23 19:46:17,85.9,5.5,0
2023-06-23 20:01:20,85.9,5.5,0
2023-06-23 20:16:23,83.4,5.4,0
2023-06-23 20:31:26,83.4,5.4,0
2023-06-23 20:46:29,78.9,5.4,0
2023-06-23 21:01:31,78.9,5.4,0
2023-06-23 21:16:38,74,5.4,0
2023-06-23 21:31:41,74,5.4,0
2023-06-23 21:46:43,70.8,5.4,0
2023-06-23 22:01:46,70.8,5.4,0
2023-06-23 22:16:49,69.9,5.4,0
2023-06-23 22:31:52,69.9,5.4,0
2023-06-23 22:46:54,65.8,5.2,0
2023-06-23 23:01:57,65.8,5.2,0
2023-06-23 23:17:00,64.8,5.2,0
2023-06-23 23:32:02,64.8,5.2,0
2023-06-23 23:47:05,63.2,5.2,0
2023-06-24 00:02:08,63.2,5.2,0
2023-06-24 00:17:10,64.1,5.2,0
2023-06-24 00:32:13,64.1,5.2,0
2023-06-24 00:47:16,63.3,5,0
2023-06-24 01:02:19,63.3,5,0
2023-06-24 01:17:24,62.3,5,0
2023-06-24 01:32:27,62.3,5,0
2023-06-24 01:47:30,62.2,5,0
2023-06-24 02:02:33,62.2,5,0
2023-06-24 02:17:36,62,5,0
2023-06-24 02:32:38,62,5,0
2023-06-24 02:47:41,59.6,4.9,0
2023-06-24 03:02:44,59.6,4.9,0
2023-06-24 03:17:47,59.6,4.9,0
2023-06-24 03:32:50,59.6,4.9,0
2023-06-24 03:47:53,59.4,4.9,0
2023-06-24 04:02:57,59.4,4.9,0
2023-06-24 04:18:00,60.5,4.9,0
2023-06-24 04:33:03,60.5,4.9,0
2023-06-24 04:48:06,60.5,4.9,0
2023-06-24 05:03:09,60.5,4.9,0
2023-06-24 05:18:11,60.1,4.8,0
2023-06-24 05:33:14,60.1,4.8,0
2023-06-24 05:48:17,60.2,4.8,0
2023-06-24 06:03:19,60.2,4.8,0
2023-06-24 06:18:22,60.9,4.8,0
2023-06-24 06:33:24,60.9,4.8,0
2023-06-24 06:48:27,62.3,4.8,0
2023-06-24 07:03:30,62.3,4.8,0
2023-06-24 07:18:32,66.2,4.8,0
2023-06-24 07:33:35,66.2,4.8,0
2023-06-24 07:48:37,68.9,4.8,0
2023-06-24 08:03:40,68.9,4.8,0
2023-06-24 08:18:43,70.9,4.8,0
2023-06-24 08:33:45,70.9,4.8,0
2023-06-24 08:48:48,73.6,4.8,0
2023-06-24 09:03:51,73.6,4.8,0
2023-06-24 09:18:53,77.2,4.8,0
2023-06-24 09:33:56,77.2,4.8,0
2023-06-24 09:48:59,79.9,4.8,0
2023-06-24 10:04:01,79.9,4.8,0
2023-06-25 10:14:17,73.5,29.4,0.24
2023-06-25 10:20:51,73.5,29.4,0.24
2023-06-25 14:52:35,71.5,36.8,0.31
2023-06-25 15:07:39,71.1,36.1,0.31
2023-06-25 15:22:43,71.1,36.1,0.31
2023-06-25 15:37:46,72.6,36,0.31
2023-06-25 15:52:49,72.6,36,0.31
2023-06-25 16:07:52,69.2,35.3,0.31
2023-06-25 16:22:55,69.2,35.3,0.31
2023-06-25 16:37:59,69.8,34.9,0.31
2023-06-25 16:53:03,69.8,34.9,0.31
2023-06-25 17:08:06,71,34.5,0.31
2023-06-25 17:23:10,71,34.5,0.31
2023-06-25 17:38:13,71.6,34.3,0.31
2023-06-25 17:53:16,71.6,34.3,0.31
2023-06-25 18:08:20,73.4,33.9,0.31
2023-06-25 18:23:24,73.4,33.9,0.31
2023-06-25 18:38:27,73.7,33.9,0.31
2023-06-25 18:53:31,73.7,33.9,0.31
2023-06-25 19:08:34,71.2,33.6,0.31
2023-06-25 19:23:37,71.2,33.6,0.31
2023-06-25 19:38:40,67.7,41.1,0.37
2023-06-25 19:53:44,67.7,41.1,0.37
2023-06-25 20:08:47,65.9,45.3,0.43
2023-06-25 20:23:52,65.9,45.3,0.43
2023-06-25 20:38:56,66.2,45.5,0.45
2023-06-25 20:54:00,66.2,45.5,0.45
2023-06-25 21:09:06,66.3,42.8,0.45
2023-06-25 21:24:10,66.3,42.8,0.45
2023-06-25 21:39:17,66,43.5,0.46
2023-06-25 21:54:21,66,43.5,0.46
2023-06-25 22:09:25,65.9,41.7,0.45
2023-06-25 22:24:31,65.9,41.7,0.45
2023-06-25 22:39:36,66.2,41.2,0.36
2023-06-25 22:54:39,66.2,41.2,0.36
2023-06-25 23:09:44,66.6,40.8,0.27
2023-06-25 23:24:47,66.6,40.8,0.27
2023-06-25 23:39:52,66.5,40.3,0.23
2023-06-25 23:54:58,66.5,40.3,0.23
2023-06-26 00:10:02,66.5,40.2,0.23
2023-06-26 00:25:05,66.5,40.2,0.23
2023-06-26 00:40:09,66.4,40.1,0.22
2023-06-26 00:55:12,66.4,40.1,0.22
2023-06-26 01:10:16,66.3,39.7,0.22
2023-06-26 01:25:20,66.3,39.7,0.22
2023-06-26 01:40:24,66,39.5,0.22
2023-06-26 01:55:28,66,39.5,0.22
2023-06-26 02:10:31,65.9,39.7,0.22
2023-06-26 02:25:34,65.9,39.7,0.22
2023-06-26 02:40:37,66,39.5,0.22
2023-06-26 02:55:41,66,39.5,0.22
2023-06-26 03:10:46,65.8,38.9,0.22
2023-06-26 03:25:49,65.8,38.9,0.22
2023-06-26 03:40:52,65.7,38.9,0.22
2023-06-26 03:55:55,65.7,38.9,0.22
2023-06-26 04:11:00,65.1,38.9,0.22
2023-06-26 04:26:05,65.1,38.9,0.22
2023-06-26 04:41:09,64.4,38.9,0.22
2023-06-26 04:56:15,64.4,38.9,0.22
2023-06-26 05:11:19,64.1,38.6,0.22
2023-06-26 05:26:23,64.1,38.6,0.22
2023-06-26 05:41:26,63.8,38.3,0.22
2023-06-26 05:56:30,63.8,38.3,0.22
2023-06-26 06:11:34,63.5,38.3,0.22
2023-06-26 06:26:37,63.5,38.3,0.22
2023-06-26 06:41:41,63.2,38.3,0.22
2023-06-26 06:56:44,63.2,38.3,0.22
2023-06-26 07:11:47,63.2,38.3,0.22
2023-06-26 07:26:50,63.2,38.3,0.22
2023-06-26 07:41:54,63.2,38.3,0.22
2023-06-26 07:57:00,63.2,38.3,0.22
2023-06-26 08:12:03,63.4,38.3,0.22
2023-06-26 08:27:08,63.4,38.3,0.22
2023-06-26 08:42:12,64.2,38.1,0.22
2023-06-26 08:57:15,64.2,38.1,0.22
2023-06-26 09:12:21,64.9,37.8,0.22
2023-06-26 09:27:24,64.9,37.8,0.22
2023-06-26 09:42:27,64.3,37.8,0.22
2023-06-26 09:57:33,64.3,37.8,0.22
2023-06-26 10:12:37,64.3,37.8,0.22
2023-06-26 10:27:41,64.3,37.8,0.22
2023-06-26 10:42:45,64.4,37.8,0.22
2023-06-26 10:57:48,64.4,37.8,0.22
2023-06-26 11:12:53,65.3,37.5,0.22
2023-06-26 11:27:57,65.3,37.5,0.22
2023-06-26 11:43:00,65.9,37.4,0.21
2023-06-26 11:58:04,65.9,37.4,0.21
2023-06-26 12:13:07,66.2,37.4,0.16
2023-06-26 12:28:10,66.2,37.4,0.16
2023-06-26 12:43:13,67.4,37.2,0.15
2023-06-26 12:58:19,67.4,37.2,0.15
2023-06-26 13:13:22,68,37.2,0.15
2023-06-26 13:28:25,68,37.2,0.15
2023-06-26 13:43:28,70.9,37.2,0.15
2023-06-26 13:58:31,70.9,37.2,0.15
2023-06-26 14:13:36,71.6,37.4,0.15
2023-06-26 14:28:42,71.6,37.4,0.15
2023-06-26 14:43:48,70.4,37.2,0.15
2023-06-26 14:58:51,70.4,37.2,0.15
2023-06-26 15:13:55,70.1,37.4,0.15
2023-06-26 15:28:58,70.1,37.4,0.15
2023-06-26 15:44:01,71.8,37.4,0.15
2023-06-26 15:59:07,71.8,37.4,0.15
2023-06-26 16:14:10,73.3,37.4,0.15
2023-06-26 16:29:15,73.3,37.4,0.15
2023-06-26 16:44:18,73.2,37.4,0.15
2023-06-26 16:59:24,73.2,37.4,0.15
2023-06-26 17:14:27,72.5,37.2,0.15
2023-06-26 17:29:32,72.5,37.2,0.15
2023-06-26 17:44:36,73.2,37.2,0.15
2023-06-26 17:59:41,73.2,37.2,0.15
2023-06-26 18:14:46,73.7,37.2,0.15
2023-06-26 18:29:49,73.7,37.2,0.15
2023-06-26 18:44:52,73.1,37.1,0.15
2023-06-26 18:59:57,73.1,37.1,0.15
2023-06-26 19:15:00,72.6,37,0.15
2023-06-26 19:30:05,72.6,37,0.15
2023-06-26 19:45:08,71.4,37,0.09
2023-06-26 20:00:11,71.4,37,0.09
2023-06-26 20:15:15,69.6,36.8,0.03
2023-06-26 20:30:18,69.6,36.8,0.03
2023-06-26 20:45:24,68.6,36.8,0.01
2023-06-26 21:00:28,68.6,36.8,0.01
2023-06-26 21:15:31,68.5,36.8,0.01
2023-06-26 21:30:36,68.5,36.8,0.01
2023-06-26 21:45:42,68.2,36.6,0
2023-06-26 22:00:45,68.2,36.6,0
2023-06-26 22:15:49,67.9,36.8,0
2023-06-26 22:30:53,67.9,36.8,0
2023-06-26 22:45:57,67.1,36.6,0
2023-06-26 23:01:01,67.1,36.6,0
2023-06-26 23:16:04,66.1,36.6,0
2023-06-26 23:31:08,66.1,36.6,0
2023-06-26 23:46:11,64.9,36.6,0
2023-06-27 00:01:15,64.9,36.6,0
2023-06-27 00:16:18,64.2,36.6,0
2023-06-27 00:31:21,64.2,36.6,0
2023-06-27 00:46:24,62.8,36.6,0
2023-06-27 01:01:30,62.8,36.6,0
2023-06-27 01:16:36,62.5,36.6,0
2023-06-27 01:31:42,62.5,36.6,0
2023-06-27 01:46:46,62.1,36.5,0
2023-06-27 02:01:52,62.1,36.5,0
2023-06-27 02:16:56,60.2,36.5,0
2023-06-27 02:31:59,60.2,36.5,0
2023-06-27 02:47:02,59.4,36.3,0
2023-06-27 03:02:06,59.4,36.3,0
2023-06-27 03:17:10,59.1,36.1,0
2023-06-27 03:32:17,59.1,36.1,0
2023-06-27 03:47:23,58.9,36,0
2023-06-27 04:02:27,58.9,36,0
2023-06-27 04:17:31,58.6,36,0
2023-06-27 04:32:34,58.6,36,0
2023-06-27 04:47:40,58.3,36,0
2023-06-27 05:02:43,58.3,36,0
2023-06-27 05:17:49,57.8,36,0
2023-06-27 05:32:52,57.8,36,0
2023-06-27 05:47:57,57.5,36,0
2023-06-27 06:03:01,57.5,36,0
2023-06-27 06:18:04,57.4,36,0
2023-06-27 06:33:09,57.4,36,0
2023-06-27 06:48:13,57.3,36,0
2023-06-27 07:03:18,57.3,36,0
2023-06-27 07:18:22,57.6,36,0
2023-06-27 07:33:25,57.6,36,0
2023-06-27 07:48:28,58.3,36,0
2023-06-27 08:03:30,58.3,36,0
2023-06-27 08:18:33,59.4,36,0
2023-06-27 08:33:36,59.4,36,0
2023-06-27 08:48:42,60.9,36,0
2023-06-27 09:03:45,60.9,36,0
2023-06-27 09:18:49,62.4,35.8,0
2023-06-27 09:33:52,62.4,35.8,0
2023-06-27 09:48:56,63.9,35.7,0
2023-06-27 10:03:59,63.9,35.7,0
2023-06-27 10:19:03,66,35.7,0
2023-06-27 10:34:05,66,35.7,0
2023-06-27 10:49:08,68.7,35.7,0
2023-06-27 11:04:11,68.7,35.7,0
2023-06-27 11:19:14,70.6,35.8,0
2023-06-27 11:34:20,70.6,35.8,0
2023-06-27 11:49:23,71.9,36,0
2023-06-27 12:04:26,71.9,36,0
2023-06-27 12:19:28,73.8,36.1,0
2023-06-27 12:34:32,73.8,36.1,0
2023-06-27 12:49:34,75.4,36.3,0
2023-06-27 13:04:37,75.4,36.3,0
2023-06-27 13:19:39,76.7,36.1,0
2023-06-27 13:34:43,76.7,36.1,0
2023-06-27 13:49:46,78.1,36.1,0
2023-06-27 14:04:49,78.1,36.1,0
2023-06-27 14:19:52,78.8,36,0
2023-06-27 14:34:54,78.8,36,0
2023-06-27 14:49:57,79.8,36,0
2023-06-27 15:05:01,79.8,36,0
2023-06-27 15:20:04,80.7,36.1,0
2023-06-27 15:35:07,80.7,36.1,0
2023-06-27 15:50:11,81.3,36.4,0
2023-06-27 16:05:14,81.3,36.4,0
2023-06-27 16:20:17,82,36.5,0
2023-06-27 16:35:20,82,36.5,0
2023-06-27 16:50:24,81.8,36.5,0
2023-06-27 17:05:26,81.8,36.5,0
2023-06-27 17:35:40,82,36.5,0
2023-06-27 17:50:43,82,36.5,0
2023-06-27 18:05:46,82,36.5,0
2023-06-27 18:20:50,81.9,36.5,0
2023-06-27 18:35:52,81.9,36.5,0
2023-06-27 18:50:56,81,36.5,0
2023-06-27 19:05:59,81,36.5,0
2023-06-27 19:21:03,80.2,36.6,0
2023-06-27 19:36:06,80.2,36.6,0
2023-06-27 19:51:09,78.9,36.5,0
2023-06-27 20:06:12,78.9,36.5,0
2023-06-27 20:21:15,76,36.6,0
2023-06-27 20:36:18,76,36.6,0
2023-06-27 20:51:23,71.3,36.5,0
2023-06-27 21:06:26,71.3,36.5,0
2023-06-27 21:21:28,68,36.5,0
2023-06-27 21:36:32,68,36.5,0
2023-06-27 21:51:35,66.1,36.6,0
2023-06-27 22:06:38,66.1,36.6,0
2023-06-27 22:21:40,64.8,36.6,0
2023-06-27 22:36:43,64.8,36.6,0
2023-06-27 22:51:45,62.6,36.6,0
2023-06-27 23:06:48,62.6,36.6,0
2023-06-27 23:21:50,61.4,36.8,0
2023-06-27 23:36:53,61.4,36.8,0
2023-06-27 23:51:56,60.4,36.8,0
2023-06-28 00:06:59,60.4,36.8,0
2023-06-28 00:22:01,58.7,36.8,0
2023-06-28 00:37:04,58.7,36.8,0
2023-06-28 00:52:06,58,36.8,0
2023-06-28 01:07:09,58,36.8,0
2023-06-28 01:22:11,57.7,37,0
2023-06-28 01:37:14,57.7,37,0
2023-06-28 01:52:16,58.9,36.8,0
2023-06-28 02:07:19,58.9,36.8,0
2023-06-28 02:22:23,60.2,36.5,0
2023-06-28 02:37:26,60.2,36.5,0
2023-06-28 02:52:31,60.6,36.3,0
2023-06-28 03:07:34,60.6,36.3,0
2023-06-28 03:22:36,59.9,36.3,0
2023-06-28 03:37:39,59.9,36.3,0
2023-06-28 03:52:42,58.6,36.3,0
2023-06-28 04:07:45,58.6,36.3,0
2023-06-28 04:22:47,59.6,36.1,0
2023-06-28 04:37:49,59.6,36.1,0
2023-06-28 04:52:52,59.9,36.3,0
2023-06-28 05:07:55,59.9,36.3,0
2023-06-28 05:22:58,59.8,36.1,0
2023-06-28 05:38:01,58.9,36.1,0
2023-06-28 05:53:05,58.9,36.1,0
2023-06-28 06:08:08,58.7,36.1,0
2023-06-28 06:23:11,58.7,36.1,0
2023-06-28 06:38:14,60.5,36.1,0
2023-06-28 06:53:17,60.5,36.1,0
2023-06-28 07:08:20,62.4,36.1,0
2023-06-28 07:23:23,62.4,36.1,0
2023-06-28 07:38:26,62.9,36.1,0
2023-06-28 07:53:29,62.9,36.1,0
2023-06-28 08:08:33,64.4,36.1,0
2023-06-28 08:23:36,64.4,36.1,0
2023-06-28 08:53:51,66.8,36,0
2023-06-28 09:08:54,67,35.8,0
2023-06-28 09:23:57,67,35.8,0
2023-06-28 09:39:00,67.6,35.7,0
2023-06-28 09:54:03,67.6,35.7,0
2023-06-28 10:09:06,69.2,35.8,0
2023-06-28 10:24:09,69.2,35.8,0
2023-06-28 10:39:12,71.1,35.7,0
2023-06-28 10:54:15,71.1,35.7,0
2023-06-28 11:09:19,74.1,35.7,0
2023-06-28 11:24:22,74.1,35.7,0
2023-06-28 11:39:25,76.7,35.8,0
2023-06-28 11:54:28,76.7,35.8,0
2023-06-28 12:09:31,77.8,35.7,0
2023-06-28 12:24:34,77.8,35.7,0
2023-06-28 12:39:37,79.4,35.7,0
2023-06-28 12:54:40,79.4,35.7,0
2023-06-28 13:09:43,80.6,35.8,0
2023-06-28 13:24:46,80.6,35.8,0
2023-06-28 13:39:50,81.6,35.8,0
2023-06-28 13:54:53,81.6,35.8,0
2023-06-28 14:09:56,82.7,36,0
2023-06-28 14:24:59,82.7,36,0
2023-06-28 14:40:02,83.5,36,0
2023-06-28 14:55:05,83.5,36,0
2023-06-28 15:10:08,83.8,36.1,0
2023-06-28 15:25:12,83.8,36.1,0
2023-06-28 15:40:15,83.8,36.1,0
2023-06-28 15:55:18,83.8,36.1,0
2023-06-28 16:10:21,84.2,36.1,0
2023-06-28 16:25:24,84.2,36.1,0
2023-06-28 16:40:28,84.3,36.1,0
2023-06-28 16:55:31,84.3,36.1,0
2023-06-28 17:10:34,83.6,36.1,0
2023-06-28 17:25:37,83.6,36.1,0
2023-06-28 17:40:40,83,36.1,0
2023-06-28 17:55:43,83,36.1,0
2023-06-28 18:10:47,82.2,36.3,0
2023-06-28 18:25:50,82.2,36.3,0
2023-06-28 18:40:53,81.5,36.3,0
2023-06-28 18:55:56,81.5,36.3,0
2023-06-28 19:10:59,80.6,36.4,0
2023-06-28 19:26:02,80.6,36.4,0
2023-06-28 19:41:05,79.3,36.4,0
2023-06-28 19:56:09,79.3,36.4,0
2023-06-28 20:11:12,77.5,36.4,0
2023-06-28 20:26:15,77.5,36.4,0
2023-06-28 20:41:18,75.9,36.4,0
2023-06-28 20:56:21,75.9,36.4,0
2023-06-28 21:11:24,74.7,36.3,0
2023-06-28 21:26:27,74.7,36.3,0
2023-06-28 21:41:34,73.2,36.3,0
2023-06-28 21:56:37,73.2,36.3,0
2023-06-28 22:11:40,72.6,36.1,0
2023-06-28 22:26:43,72.6,36.1,0
2023-06-28 22:41:46,72.6,36.1,0
2023-06-28 22:56:49,72.6,36.1,0
2023-06-28 23:11:52,71.9,36.1,0
2023-06-28 23:26:55,71.9,36.1,0
2023-06-28 23:41:58,71.4,36.1,0
2023-06-28 23:57:01,71.4,36.1,0
2023-06-29 00:12:05,71.7,36.1,0
2023-06-29 00:27:08,71.7,36.1,0
2023-06-29 00:42:11,71.2,36.3,0
2023-06-29 00:57:14,71.2,36.3,0
2023-06-29 01:27:29,69.7,36.1,0
2023-06-29 01:42:33,68.9,36.3,0
2023-06-29 01:57:36,68.9,36.3,0
2023-06-29 02:12:39,67,36.1,0
2023-06-29 02:27:42,67,36.1,0
2023-06-29 02:42:45,65.8,36.3,0
2023-06-29 02:57:48,65.8,36.3,0
2023-06-29 03:12:51,64.8,36.1,0
2023-06-29 03:27:54,64.8,36.1,0
2023-06-29 03:42:58,66.3,36,0
2023-06-29 03:58:01,66.3,36,0
2023-06-29 04:13:04,64.7,35.8,0
2023-06-29 04:28:07,64.7,35.8,0
2023-06-29 04:43:10,63.9,35.8,0
2023-06-29 04:58:13,63.9,35.8,0
2023-06-29 05:13:16,63.8,35.8,0
2023-06-29 05:28:19,63.8,35.8,0
2023-06-29 05:43:23,63.8,35.8,0
2023-06-29 05:58:26,63.8,35.8,0
2023-06-29 06:13:29,62.2,35.7,0
2023-06-29 06:28:32,62.2,35.7,0
2023-06-29 06:43:35,62.9,35.7,0
2023-06-29 06:58:38,62.9,35.7,0
2023-06-29 07:13:41,65.5,35.7,0
2023-06-29 07:28:44,65.5,35.7,0
2023-06-29 07:43:47,68.1,35.7,0
2023-06-29 07:58:51,68.1,35.7,0
2023-06-29 08:13:55,70.3,35.7,0
2023-06-29 08:28:58,70.3,35.7,0
2023-06-29 08:44:02,73.2,35.8,0
2023-06-29 08:59:05,73.2,35.8,0
2023-06-29 09:14:08,75.2,35.7,0
2023-06-29 09:44:23,75.7,35.8,0
2023-06-29 09:59:26,75.7,35.8,0
2023-06-29 10:14:29,77.6,35.7,0
2023-06-29 10:29:32,77.6,35.7,0
2023-06-29 10:44:35,80.2,35.6,0
2023-06-29 10:59:38,80.2,35.6,0
2023-06-29 11:14:41,82.4,35.6,0
2023-06-29 11:29:44,82.4,35.6,0
2023-06-29 11:44:47,84.1,35.6,0
2023-06-29 11:59:51,84.1,35.6,0
2023-06-29 12:14:54,85.5,35.6,0
2023-06-29 12:29:57,85.5,35.6,0
2023-06-29 12:45:00,87,35.6,0
2023-06-29 13:00:03,87,35.6,0
2023-06-29 13:15:06,88.1,35.7,0
2023-06-29 13:30:09,88.1,35.7,0
2023-06-29 13:45:13,88.4,36,0
2023-06-29 14:00:15,88.4,36,0
2023-06-29 14:15:19,89.5,36.1,0
2023-06-29 14:30:22,89.5,36.1,0
2023-06-29 14:45:25,88.8,36.1,0
2023-06-29 15:00:28,88.8,36.1,0
2023-06-29 15:15:31,88.6,36.1,0
2023-06-29 15:30:34,88.6,36.1,0
2023-06-29 15:45:37,89.1,36.3,0
2023-06-29 16:00:41,89.1,36.3,0
2023-06-29 16:15:44,89.9,36.5,0
2023-06-29 16:30:47,89.9,36.5,0
2023-06-29 16:45:51,89.4,36.5,0
2023-06-29 17:00:54,89.4,36.5,0
2023-06-29 17:15:57,89.1,36.6,0
2023-06-29 17:31:00,89.1,36.6,0
2023-06-29 17:46:03,88.5,36.6,0
2023-06-29 18:01:07,88.5,36.6,0
2023-06-29 18:16:10,88.5,36.6,0
2023-06-29 18:31:13,88.5,36.6,0
